Month,Department,Accidents,Employees,LostTimeRate
01/01/2021,Subways,104,28903,0.36
02/01/2021,Subways,114,28822,0.4
03/01/2021,Subways,104,28702,0.36
04/01/2021,Subways,93,28702,0.32
05/01/2021,Subways,103,28567,0.36
06/01/2021,Subways,107,28541,0.37
07/01/2021,Subways,111,28428,0.39
08/01/2021,Subways,94,28447,0.33
09/01/2021,Subways,92,28539,0.32
10/01/2021,Subways,100,28696,0.35
11/01/2021,Subways,116,28708,0.4
12/01/2021,Subways,110,28725,0.38
01/01/2022,Subways,132,28738,0.46
02/01/2022,Subways,130,28710,0.45
03/01/2022,Subways,112,28753,0.39
04/01/2022,Subways,115,28864,0.4
05/01/2022,Subways,106,29020,0.37
06/01/2022,Subways,106,29003,0.37
07/01/2022,Subways,104,28991,0.36
08/01/2022,Subways,100,29047,0.34
09/01/2022,Subways,100,29167,0.34
10/01/2022,Subways,84,29482,0.28
11/01/2022,Subways,82,29579,0.28
12/01/2022,Subways,76,29625,0.26
01/01/2023,Subways,122,29691,0.41
02/01/2023,Subways,105,29802,0.35
03/01/2023,Subways,120,29928,0.4
04/01/2023,Subways,99,30059,0.33
05/01/2023,Subways,114,30061,0.38
06/01/2023,Subways,103,30083,0.34
07/01/2023,Subways,97,30226,0.32
08/01/2023,Subways,104,30201,0.34
09/01/2023,Subways,95,30212,0.31
10/01/2023,Subways,89,30403,0.29
11/01/2023,Subways,111,30537,0.36
12/01/2023,Subways,60,30603,0.2
01/01/2024,Subways,99,30567,0.32
