Month,Department,Lost Time Accidents,Employees,Lost Time Accident Rate
01/01/2021,Subways,104,28903,0.36
01/01/2021,Buses,81,14827,0.55
01/01/2021,Miscellaneous NYCT,8,4963,0.16
01/01/2021,MTA Bus,17,3807,0.45
02/01/2021,Subways,114,28822,0.4
02/01/2021,Buses,75,14754,0.51
02/01/2021,Miscellaneous NYCT,4,4943,0.08
02/01/2021,MTA Bus,35,3790,0.92
03/01/2021,Subways,104,28702,0.36
03/01/2021,Buses,78,14690,0.53
03/01/2021,Miscellaneous NYCT,0,4889,0
03/01/2021,MTA Bus,25,3783,0.66
04/01/2021,Subways,93,28702,0.32
04/01/2021,Buses,89,14690,0.61
04/01/2021,Miscellaneous NYCT,7,4889,0.14
04/01/2021,MTA Bus,24,3752,0.64
05/01/2021,Subways,103,28567,0.36
05/01/2021,Buses,108,14730,0.73
05/01/2021,Miscellaneous NYCT,4,4850,0.08
05/01/2021,MTA Bus,23,3769,0.61
06/01/2021,Subways,107,28541,0.37
06/01/2021,Buses,103,14758,0.7
06/01/2021,Miscellaneous NYCT,7,4808,0.15
06/01/2021,MTA Bus,31,3772,0.82
07/01/2021,Subways,111,28428,0.39
07/01/2021,Buses,109,14858,0.73
07/01/2021,Miscellaneous NYCT,4,4765,0.08
07/01/2021,MTA Bus,25,3720,0.67
08/01/2021,Subways,94,28447,0.33
08/01/2021,Buses,99,14949,0.66
08/01/2021,Miscellaneous NYCT,4,4748,0.08
08/01/2021,MTA Bus,29,3695,0.78
09/01/2021,Subways,92,28539,0.32
09/01/2021,Buses,85,15056,0.56
09/01/2021,Miscellaneous NYCT,3,4705,0.06
09/01/2021,MTA Bus,30,3699,0.81
10/01/2021,Subways,100,28696,0.35
10/01/2021,Buses,87,15106,0.58
10/01/2021,Miscellaneous NYCT,5,4662,0.11
10/01/2021,MTA Bus,27,3714,0.73
11/01/2021,Subways,116,28708,0.4
11/01/2021,Buses,74,15093,0.49
11/01/2021,Miscellaneous NYCT,4,4657,0.09
11/01/2021,MTA Bus,24,3737,0.64
12/01/2021,Subways,110,28725,0.38
12/01/2021,Buses,85,15188,0.56
12/01/2021,Miscellaneous NYCT,5,4627,0.11
12/01/2021,MTA Bus,17,3699,0.46
01/01/2022,Subways,132,28738,0.46
01/01/2022,Buses,72,15262,0.47
01/01/2022,Miscellaneous NYCT,4,4570,0.09
01/01/2022,MTA Bus,28,3741,0.75
02/01/2022,Subways,130,28710,0.45
02/01/2022,Buses,107,15401,0.69
02/01/2022,Miscellaneous NYCT,3,4545,0.07
02/01/2022,MTA Bus,26,3762,0.69
03/01/2022,Subways,112,28753,0.39
03/01/2022,Buses,82,15515,0.53
03/01/2022,Miscellaneous NYCT,2,4528,0.04
03/01/2022,MTA Bus,24,3756.5,0.64
04/01/2022,Subways,115,28864,0.4
04/01/2022,Buses,70,15632,0.45
04/01/2022,Miscellaneous NYCT,3,4476,0.07
04/01/2022,MTA Bus,23,3710,0.62
05/01/2022,Subways,106,29020,0.37
05/01/2022,Buses,70,15630,0.45
05/01/2022,Miscellaneous NYCT,3,4455,0.07
05/01/2022,MTA Bus,31,3895,0.8
06/01/2022,Subways,106,29003,0.37
06/01/2022,Buses,103,15616,0.66
06/01/2022,Miscellaneous NYCT,5,4432,0.11
06/01/2022,MTA Bus,29,3908,0.74
07/01/2022,Subways,104,28991,0.36
07/01/2022,Buses,95,15583,0.61
07/01/2022,Miscellaneous NYCT,3,4392,0.07
07/01/2022,MTA Bus,31,3962,0.78
08/01/2022,Subways,100,29047,0.34
08/01/2022,Buses,84,15623,0.54
08/01/2022,Miscellaneous NYCT,8,4390,0.18
08/01/2022,MTA Bus,18,3947,0.46
09/01/2022,Subways,100,29167,0.34
09/01/2022,Buses,85,15529,0.55
09/01/2022,Miscellaneous NYCT,5,4378,0.11
09/01/2022,MTA Bus,32,3990,0.8
10/01/2022,Subways,84,29482,0.28
10/01/2022,Buses,90,15498,0.58
10/01/2022,Miscellaneous NYCT,3,4391,0.07
10/01/2022,MTA Bus,21,3984,0.53
11/01/2022,Subways,82,29579,0.28
11/01/2022,Buses,78,15475,0.5
11/01/2022,Miscellaneous NYCT,5,4372,0.11
11/01/2022,MTA Bus,22,3939,0.56
12/01/2022,Subways,76,29625,0.26
12/01/2022,Buses,75,15427,0.49
12/01/2022,Miscellaneous NYCT,7,4330,0.16
12/01/2022,MTA Bus,21,3925,0.54
01/01/2023,Subways,122,29691,0.41
01/01/2023,Buses,55,15358,0.36
01/01/2023,Miscellaneous NYCT,3,4313,0.07
01/01/2023,MTA Bus,27,3862,0.7
02/01/2023,Subways,105,29802,0.35
02/01/2023,Buses,44,15361,0.29
02/01/2023,Miscellaneous NYCT,4,4327,0.09
02/01/2023,MTA Bus,19,3844,0.49
03/01/2023,Subways,120,29928,0.4
03/01/2023,Buses,66,15327,0.43
03/01/2023,Miscellaneous NYCT,4,4338,0.09
03/01/2023,MTA Bus,27,3852,0.7
04/01/2023,Subways,99,30059,0.33
04/01/2023,Buses,60,15243,0.39
04/01/2023,Miscellaneous NYCT,4,4347,0.09
04/01/2023,MTA Bus,17,3835,0.44
05/01/2023,Subways,114,30061,0.38
05/01/2023,Buses,87,15164,0.57
05/01/2023,Miscellaneous NYCT,4,4361,0.09
05/01/2023,MTA Bus,26,3868,0.67
06/01/2023,Subways,103,30083,0.34
06/01/2023,Buses,105,15215,0.69
06/01/2023,Miscellaneous NYCT,3,4406,0.07
06/01/2023,MTA Bus,18,3838,0.47
07/01/2023,Subways,97,30226,0.32
07/01/2023,Buses,76,15282,0.5
07/01/2023,Miscellaneous NYCT,6,4409,0.14
07/01/2023,MTA Bus,22,3814,0.58
08/01/2023,Subways,104,30201,0.34
08/01/2023,Buses,63,15258,0.41
08/01/2023,Miscellaneous NYCT,3,4408,0.07
08/01/2023,MTA Bus,26,3845,0.68
09/01/2023,Subways,95,30212,0.31
09/01/2023,Buses,60,15260,0.39
09/01/2023,Miscellaneous NYCT,1,4398,0.02
09/01/2023,MTA Bus,20,3846,0.52
10/01/2023,Subways,89,30403,0.29
10/01/2023,Buses,79,15283,0.52
10/01/2023,Miscellaneous NYCT,13,4475,0.29
10/01/2023,MTA Bus,16,3861,0.41
11/01/2023,Subways,111,30537,0.36
11/01/2023,Buses,53,15211,0.35
11/01/2023,Miscellaneous NYCT,3,4479,0.07
11/01/2023,MTA Bus,14,3850,0.36
12/01/2023,Subways,60,30603,0.2
12/01/2023,Buses,56,15247,0.37
12/01/2023,Miscellaneous NYCT,3,4457,0.07
12/01/2023,MTA Bus,13,3844,0.34
01/01/2024,Subways,99,30567,0.32
01/01/2024,Buses,53,15260,0.35
01/01/2024,Miscellaneous NYCT,4,4434,0.09
01/01/2024,MTA Bus,9,3866,0.23
